name;strand;dna;region;ref
LCO1490;F;GGTCAACAAATCATAAAGATATTGG;COI;Folmer et al. 1994
HC02198 ;R;TAAACTTCAGGGTGACCAAAAAATCA;COI;Folmer et al. 1994
Uni-MinibarR1;R;GAAAATCATAATGAAGGCATGAGC;COI;Meusnier et al. 2008
Uni-MinibarF1;F;TCCACTAATCACAARGATATTGGTAC;COI;Meusnier et al. 2008
ZBJ-ArtF1c;F;AACWTTATATTTTATTTTTGG;COI;Zeale et al. 2010
ZBJ-ArtR2c ;R;WACTAATCAATTWCCAAATCCTCC;COI;Zeale et al. 2010
mlCOIintF;F;GGWACWGGWTGAACWGTWTAYCCYCC;COI;Leray et al. 2013
mlCOIintR;R;GGRGGRTASACSGTTCASCCSGTSCC;COI;Leray et al. 2013
LepF1;F;ATTCAACCAATCATAAAGATATTGG;COI;Hebert et al. 2004
EPT-long-univR ;R;AARAAAATYATAAYAAAIGCGTGIAIIGT;COI;Hajibabaei et al. 2011
MLepF1-Rev;R;CGTGGAAAWGCTATATCWGGTG;COI;Brandon-Mong et al. 2015
Ill_C_R;R;GGIGGRTAIACIGTTCAICC;COI;Shokralla et al. 2015
Ill_B_F;F;CCIGAYATRGCITTYCCICG;COI;Shokralla et al. 2015
BF1;F;ACWGGWTGRACWGTNTAYCC;COI;Elbrecht & Leese, in press
BF2;F;GCHCCHGAYATRGCHTTYCC;COI;Elbrecht & Leese, in press
BR1;R;ARYATDGTRATDGCHCCDGC;COI;Elbrecht & Leese, in press
BR2;R;TCDGGRTGNCCRAARAAYCA;COI;Elbrecht & Leese, in press
ArF5;F;GCICCIGAYATRKCITTYCCICG;COI;Gibson et al. 2014
ArR5;R;GTRATIGCICCIGCIARIACIGG;COI;Gibson et al. 2014
jgLCO1490;F;TITCIACIAAYCAYAARGAYATTGG;COI;Geller et al. 2013
jgHCO2198;R;TAIACYTCIGGRTGICCRAARAAYCA;COI;Geller et al. 2013
L499;F;ATTAATATACGATCAACAGGAAT;COI;Van Houdt et al. 2010
H2123d;R;TAWACTTCWGGRTGWCCAAARAATCA;COI;Van Houdt et al. 2010
