id;forwardPrimer;fPDNA;reversePrimer;rPDNA;ampliconMinLength;ampiconMaxLength
1;LCO1490;GGTCAACAAATCATAAAGATATTGG;HC02198;TAAACTTCAGGGTGACCAAAAAATCA;658;658
2;LepF1;ATTCAACCAATCATAAAGATATTGG;MLepF1-Rev;CGTGGAAAWGCTATATCWGGTG;218;218
3;LepF1;ATTCAACCAATCATAAAGATATTGG;EPT-long-univR;AARAAAATYATAAYAAAIGCGTGIAIIGT;127;127
4;Uni-MinibarF1;TCCACTAATCACAARGATATTGGTAC;Uni-MinibarR1;GAAAATCATAATGAAGGCATGAGC;127;127
5;ZBJ-ArtF1c;AGATATTGGAACWTTATATTTTATTTTTGG;ZBJ-ArtR2c;WACTAATCAATTWCCAAATCCTCC;157;157
6;jgLCO1490;TITCIACIAAYCAYAARGAYATTGG;mlCOIintR;TAIACYTCIGGRTGICCRAARAAYCA;319;319
7;mlCOIintF;GGWACWGGWTGAACWGTWTAYCCYCC;jgHCO2198;TAIACYTCIGGRTGICCRAARAAYCA;313;313
8;LCO1490;GGTCAACAAATCATAAAGATATTGG;Ill_C_R;GGIGGRTAIACIGTTCAICC;325;325
9;Ill_B_F;CCIGAYATRGCITTYCCICG;HC02198;TAAACTTCAGGGTGACCAAAAAATCA;418;418
10;ArF5;GCICCIGAYATRKCITTYCCICG;ArR5;GTRATIGCICCIGCIARIACIGG;310;310
11;BF2;GCHCCHGAYATRGCHTTYCC;BR1;ARYATDGTRATDGCHCCDGC;322;322
12;BF1;ACWGGWTGRACWGTNTAYCC;BR2;TCDGGRTGNCCRAARAAYCA;316;316
13;BF2;GCHCCHGAYATRGCHTTYCC;BR2;TCDGGRTGNCCRAARAAYCA;421;421
14;BF1;ACWGGWTGRACWGTNTAYCC;BR1;ARYATDGTRATDGCHCCDGC;217;217
15;L499;ATTAATATACGATCAACAGGAAT;H2123d;TAWACTTCWGGRTGWCCAAARAATCA;178;178
